epoch,train_loss,val_loss
0,1.389128954905384,1.4202133893966675
1,1.379880094678147,1.3681927919387817
2,1.3621123346892543,1.295988178253174
3,1.331957739104265,1.3172677755355835
4,1.3025512612840664,1.3206802606582642
5,1.248480316977831,1.307084035873413
6,1.2441140465766378,1.2948282480239868
7,1.2212020826039824,1.2954252243041993
8,1.2193220186533418,1.3145376920700074
9,1.1717854138440307,1.3058824300765992
